日期,开盘,收盘,最高,最低,成交量,成交额,振幅,涨跌幅,涨跌额,换手率
2021-12-22,0.97,0.961,0.97,0.947,174571,16635942.0,2.31,-3.42,-0.034,468.04
2021-12-23,0.958,0.961,0.961,0.955,70686,6775876.0,0.62,0.0,0.0,189.52
2021-12-24,0.96,0.961,0.963,0.96,34037,3269857.0,0.31,0.0,0.0,91.26
2021-12-27,0.96,0.964,0.967,0.96,30080,2898231.0,0.73,0.31,0.003,80.65
2021-12-28,0.964,0.969,0.97,0.964,20366,1969336.0,0.62,0.52,0.005,54.6
2021-12-29,0.969,0.968,0.969,0.967,12436,1203919.0,0.21,-0.1,-0.001,33.34
2021-12-30,0.967,0.968,0.97,0.967,22566,2184006.0,0.31,0.0,0.0,60.5
2021-12-31,0.969,0.968,0.97,0.967,18909,1830127.0,0.31,0.0,0.0,50.7
2022-01-04,0.968,0.967,0.969,0.964,31762,3068094.0,0.52,-0.1,-0.001,85.16
2022-01-05,0.965,0.966,0.966,0.964,48112,4642252.0,0.21,-0.1,-0.001,128.99
2022-01-06,0.964,0.964,0.965,0.963,40889,3941059.0,0.21,-0.21,-0.002,109.63
2022-01-07,0.963,0.961,0.964,0.96,43898,4221159.0,0.41,-0.31,-0.003,117.7
2022-01-10,0.96,0.962,0.962,0.96,11187,1074514.0,0.21,0.1,0.001,29.99
2022-01-11,0.961,0.962,0.962,0.96,4004,384799.0,0.21,0.0,0.0,10.74
2022-01-12,0.961,0.963,0.964,0.961,4591,441868.0,0.31,0.1,0.001,12.31
2022-01-13,0.963,0.962,0.964,0.962,9020,868005.0,0.21,-0.1,-0.001,24.18
2022-01-14,0.962,0.962,0.962,0.96,651,62639.0,0.21,0.0,0.0,1.75
2022-01-17,0.962,0.962,0.964,0.962,6478,623759.0,0.21,0.0,0.0,17.37
2022-01-18,0.962,0.963,0.965,0.962,3997,385222.0,0.31,0.1,0.001,10.72
2022-01-19,0.964,0.963,0.964,0.963,3513,338520.0,0.1,0.0,0.0,9.42
2022-01-20,0.964,0.964,0.967,0.964,5486,529238.0,0.31,0.1,0.001,14.71
2022-01-21,0.964,0.964,0.965,0.964,3358,323686.0,0.1,0.0,0.0,9.0
2022-01-24,0.964,0.964,0.966,0.963,1927,185740.0,0.31,0.0,0.0,5.17
2022-01-25,0.963,0.961,0.963,0.96,1741,167434.0,0.31,-0.31,-0.003,4.67
2022-01-26,0.961,0.961,0.962,0.959,843,81022.0,0.31,0.0,0.0,2.26
2022-01-27,0.959,0.959,0.961,0.958,16107,1545922.0,0.31,-0.21,-0.002,43.19
2022-01-28,0.959,0.959,0.96,0.958,2981,285924.0,0.21,0.0,0.0,7.99
2022-02-07,0.962,0.963,0.965,0.962,2110,203139.0,0.31,0.42,0.004,5.66
2022-02-08,0.962,0.96,0.963,0.955,6019,578234.0,0.83,-0.31,-0.003,16.14
2022-02-09,0.963,0.964,0.964,0.959,9249,890904.0,0.52,0.42,0.004,24.8
2022-02-10,0.962,0.961,0.962,0.96,4464,429198.0,0.21,-0.31,-0.003,11.97
2022-02-11,0.96,0.96,0.962,0.96,2810,270040.0,0.21,-0.1,-0.001,7.54
2022-02-14,0.957,0.959,0.96,0.955,7628,730301.0,0.52,-0.1,-0.001,20.45
2022-02-15,0.954,0.957,0.958,0.954,880,84179.0,0.42,-0.21,-0.002,2.36
2022-02-16,0.956,0.957,0.958,0.956,881,84353.0,0.21,0.0,0.0,2.36
2022-02-17,0.958,0.958,0.959,0.956,7756,743199.0,0.31,0.1,0.001,20.79
2022-02-18,0.957,0.958,0.958,0.956,423,40405.0,0.21,0.0,0.0,1.13
2022-02-21,0.956,0.956,0.957,0.956,473,45173.0,0.1,-0.21,-0.002,1.27
2022-02-22,0.956,0.955,0.956,0.955,2631,251470.0,0.1,-0.1,-0.001,7.05
2022-02-23,0.955,0.956,0.957,0.955,1715,163914.0,0.21,0.1,0.001,4.6
2022-02-24,0.956,0.953,0.956,0.952,3643,347812.0,0.42,-0.31,-0.003,9.77
2022-02-25,0.955,0.956,0.959,0.954,3244,310150.0,0.52,0.31,0.003,8.7
2022-02-28,0.956,0.957,0.957,0.955,2491,238338.0,0.21,0.1,0.001,6.68
2022-03-01,0.957,0.958,0.959,0.956,6177,591388.0,0.31,0.1,0.001,16.56
2022-03-02,0.959,0.96,0.96,0.958,2654,254705.0,0.21,0.21,0.002,7.12
2022-03-03,0.959,0.96,0.96,0.958,2862,274465.0,0.21,0.0,0.0,7.67
2022-03-04,0.958,0.959,0.959,0.958,857,82101.0,0.1,-0.1,-0.001,2.3
2022-03-07,0.953,0.947,0.956,0.947,8900,844388.0,0.94,-1.25,-0.012,23.86
2022-03-08,0.945,0.944,0.945,0.942,4736,446556.0,0.32,-0.32,-0.003,12.7
2022-03-09,0.936,0.937,0.94,0.936,2141,200759.0,0.42,-0.74,-0.007,5.74
2022-03-10,0.945,0.939,0.945,0.939,799,75146.0,0.64,0.21,0.002,2.14
2022-03-11,0.938,0.94,0.94,0.936,2460,230708.0,0.43,0.11,0.001,6.6
2022-03-14,0.94,0.936,0.94,0.935,160,14958.0,0.53,-0.43,-0.004,0.43
2022-03-15,0.926,0.936,0.936,0.923,3497,324288.0,1.39,0.0,0.0,9.37
2022-03-16,0.933,0.941,0.943,0.926,2375,220940.0,1.82,0.53,0.005,6.37
2022-03-17,0.931,0.944,0.944,0.931,1944,182458.0,1.38,0.32,0.003,5.21
2022-03-18,0.936,0.944,0.944,0.936,951,89702.0,0.85,0.0,0.0,2.55
2022-03-21,0.945,0.945,0.945,0.945,4,378.0,0.0,0.11,0.001,0.01
2022-03-22,0.961,0.945,0.962,0.943,1771,169586.0,2.01,0.0,0.0,4.75
2022-03-23,0.944,0.945,0.946,0.944,539,50933.0,0.21,0.0,0.0,1.44
2022-03-24,0.942,0.942,0.943,0.942,703,66264.0,0.11,-0.32,-0.003,1.89
2022-03-25,0.942,0.939,0.942,0.938,92,8612.0,0.42,-0.32,-0.003,0.25
2022-03-28,0.936,0.933,0.937,0.933,153,14329.0,0.43,-0.64,-0.006,0.41
2022-03-29,0.931,0.932,0.932,0.931,20,1848.0,0.11,-0.11,-0.001,0.05
2022-03-30,0.934,0.939,0.94,0.934,2067,194025.0,0.64,0.75,0.007,5.54
2022-03-31,0.936,0.939,0.939,0.936,39,3635.0,0.32,0.0,0.0,0.1
2022-04-01,0.937,0.944,0.944,0.931,3316,312241.0,1.38,0.53,0.005,8.89
2022-04-06,0.944,0.944,0.948,0.944,1429,134942.0,0.42,0.0,0.0,3.83
2022-04-07,0.94,0.939,0.942,0.939,1967,184833.0,0.32,-0.53,-0.005,5.27
2022-04-08,0.934,0.935,0.935,0.933,421,39301.0,0.21,-0.43,-0.004,1.13
2022-04-11,0.933,0.93,0.935,0.93,2337,218201.0,0.53,-0.53,-0.005,6.27
2022-04-12,0.932,0.932,0.933,0.93,1319,122754.0,0.32,0.22,0.002,3.54
2022-04-13,0.931,0.931,0.932,0.93,339,31525.0,0.21,-0.11,-0.001,0.91
2022-04-14,0.93,0.935,0.935,0.93,363,33788.0,0.54,0.43,0.004,0.97
2022-04-15,0.93,0.935,0.935,0.929,1530,142334.0,0.64,0.0,0.0,4.1
2022-04-18,0.926,0.93,0.934,0.926,431,40229.0,0.86,-0.53,-0.005,1.16
2022-04-19,0.93,0.93,0.931,0.93,129,11994.0,0.11,0.0,0.0,0.35
2022-04-20,0.93,0.928,0.931,0.928,2654,246936.0,0.32,-0.22,-0.002,7.12
2022-04-21,0.926,0.924,0.928,0.923,541,50002.0,0.54,-0.43,-0.004,1.45
2022-04-22,0.924,0.922,0.924,0.92,2610,240548.0,0.43,-0.22,-0.002,7.0
2022-04-25,0.917,0.904,0.921,0.903,4712,431267.0,1.95,-1.95,-0.018,12.63
2022-04-26,0.901,0.899,0.912,0.899,4383,394658.0,1.44,-0.55,-0.005,11.75
2022-04-27,0.903,0.905,0.905,0.899,1971,178243.0,0.67,0.67,0.006,5.28
2022-04-28,0.903,0.905,0.905,0.903,270,24426.0,0.22,0.0,0.0,0.72
2022-04-29,0.903,0.915,0.916,0.903,1154,105539.0,1.44,1.1,0.01,3.09
2022-05-05,0.904,0.911,0.915,0.904,646,58780.0,1.2,-0.44,-0.004,1.73
2022-05-06,0.933,0.924,0.933,0.906,4621,423775.0,2.96,1.43,0.013,12.39
2022-05-10,0.922,0.918,0.922,0.91,6296,576117.0,1.3,-0.65,-0.006,16.88
2022-05-11,0.918,0.921,0.927,0.915,3074,282854.0,1.31,0.33,0.003,8.24
2022-05-12,0.922,0.919,0.922,0.919,949,87341.0,0.33,-0.22,-0.002,2.54
2022-05-13,0.919,0.923,0.923,0.919,2075,191204.0,0.44,0.44,0.004,5.56
2022-05-16,0.926,0.925,0.927,0.923,5290,489693.0,0.43,0.22,0.002,14.18
2022-05-17,0.927,0.929,0.93,0.927,568,52787.0,0.32,0.43,0.004,1.52
2022-05-18,0.929,0.931,0.931,0.927,35,3230.0,0.43,0.22,0.002,0.09
2022-05-19,0.929,0.935,0.94,0.928,5086,473858.0,1.29,0.43,0.004,13.64
2022-05-20,0.934,0.937,0.94,0.934,1720,161062.0,0.64,0.21,0.002,4.61
2022-05-23,0.937,0.938,0.938,0.937,114,10675.0,0.11,0.11,0.001,0.31
2022-05-24,0.944,0.939,0.944,0.932,628,58629.0,1.28,0.11,0.001,1.68
2022-05-25,0.939,0.941,0.941,0.936,2104,197590.0,0.53,0.21,0.002,5.64
2022-05-26,0.941,0.941,0.941,0.94,456,42871.0,0.11,0.0,0.0,1.22
2022-05-27,0.942,0.939,0.942,0.939,1201,112946.0,0.32,-0.21,-0.002,3.22
2022-05-30,0.941,0.941,0.941,0.939,434,40795.0,0.21,0.21,0.002,1.16
2022-05-31,0.94,0.943,0.943,0.939,2006,189074.0,0.43,0.21,0.002,5.38
2022-06-01,0.941,0.94,0.941,0.94,500,47031.0,0.11,-0.32,-0.003,1.34
2022-06-02,0.943,0.949,0.949,0.943,331,31278.0,0.64,0.96,0.009,0.89
2022-06-06,0.943,0.953,0.954,0.943,1330,126569.0,1.16,0.42,0.004,3.57
2022-06-07,0.953,0.959,0.959,0.951,172,16456.0,0.84,0.63,0.006,0.46
2022-06-08,0.955,0.959,0.959,0.949,97,9276.0,1.04,0.0,0.0,0.26
2022-06-09,0.952,0.952,0.952,0.952,3,286.0,0.0,-0.73,-0.007,0.01
2022-06-10,0.97,0.964,0.97,0.927,113,10879.0,4.52,1.26,0.012,0.3
2022-06-13,0.935,0.935,0.935,0.935,10,928.0,0.0,-3.01,-0.029,0.03
2022-06-14,0.937,0.935,0.937,0.935,101,9439.0,0.21,0.0,0.0,0.27
2022-06-15,0.942,0.96,0.967,0.942,550,52759.0,2.67,2.67,0.025,1.47
2022-06-16,0.948,0.955,0.955,0.948,31,2959.0,0.73,-0.52,-0.005,0.08
2022-06-17,0.941,0.956,0.956,0.941,69,6605.0,1.57,0.1,0.001,0.19
2022-06-20,0.957,0.957,0.957,0.957,1228,117554.0,0.0,0.1,0.001,3.29
2022-06-21,0.945,0.951,0.951,0.945,726,68986.0,0.63,-0.63,-0.006,1.95
2022-06-22,0.951,0.945,0.951,0.945,1000,94531.0,0.63,-0.63,-0.006,2.68
2022-06-23,0.994,0.948,0.994,0.947,190,18631.0,4.97,0.32,0.003,0.51
2022-06-24,0.948,0.962,0.964,0.948,923,88330.0,1.69,1.48,0.014,2.47
2022-06-27,0.954,0.96,0.96,0.953,543,51741.0,0.73,-0.21,-0.002,1.45
2022-06-28,0.957,0.999,0.999,0.957,99,9562.0,4.38,4.06,0.039,0.27
2022-06-29,0.958,0.965,0.965,0.958,548,52761.0,0.7,-3.4,-0.034,1.47
2022-06-30,0.964,0.971,0.971,0.964,213,20597.0,0.73,0.62,0.006,0.57
2022-07-01,0.971,0.971,0.971,0.971,1493,144924.0,0.0,0.0,0.0,4.0
2022-07-04,0.964,0.965,0.965,0.964,532,51329.0,0.1,-0.62,-0.006,1.43
2022-07-05,0.967,0.975,0.975,0.967,127,12325.0,0.83,1.04,0.01,0.34
2022-07-06,0.967,0.968,0.975,0.967,360,34924.0,0.82,-0.72,-0.007,0.96
2022-07-07,0.966,0.966,0.966,0.966,20,1917.0,0.0,-0.21,-0.002,0.05
2022-07-08,0.968,0.982,0.982,0.968,110,10661.0,1.45,1.66,0.016,0.3
2022-07-11,0.966,0.975,0.975,0.966,183,17715.0,0.92,-0.71,-0.007,0.49
2022-07-12,0.967,0.97,0.97,0.967,26,2501.0,0.31,-0.51,-0.005,0.07
2022-07-13,0.966,0.966,0.966,0.966,10,958.0,0.0,-0.41,-0.004,0.03
2022-07-14,0.966,0.967,0.967,0.966,1372,132573.0,0.1,0.1,0.001,3.68
2022-07-15,0.966,0.966,0.966,0.966,10,958.0,0.0,-0.1,-0.001,0.03
2022-07-18,0.968,0.968,0.968,0.968,27,2660.0,0.0,0.21,0.002,0.07
2022-07-19,0.951,0.968,0.969,0.951,402,38948.0,1.86,0.0,0.0,1.08
2022-07-20,0.968,0.969,0.974,0.968,832,80937.0,0.62,0.1,0.001,2.23
2022-07-21,0.964,0.966,0.966,0.961,2451,235638.0,0.52,-0.31,-0.003,6.57
2022-07-22,0.966,0.966,0.966,0.965,964,93048.0,0.1,0.0,0.0,2.58
2022-07-25,0.965,0.972,0.972,0.965,1394,135122.0,0.72,0.62,0.006,3.74
2022-07-26,0.972,0.972,0.972,0.972,51,4926.0,0.0,0.0,0.0,0.14
2022-07-27,0.964,0.975,0.975,0.964,601,58525.0,1.13,0.31,0.003,1.61
2022-07-28,0.968,0.979,0.979,0.968,234,22833.0,1.13,0.41,0.004,0.63
2022-07-29,0.975,0.978,0.978,0.975,760,74081.0,0.31,-0.1,-0.001,2.04
2022-08-01,0.971,0.973,0.973,0.971,34,3279.0,0.2,-0.51,-0.005,0.09
2022-08-02,0.975,0.97,0.985,0.97,2619,255383.0,1.54,-0.31,-0.003,7.02
2022-08-03,0.984,0.975,0.984,0.97,1051,102416.0,1.44,0.52,0.005,2.82
2022-08-04,0.966,0.966,0.966,0.966,10,958.0,0.0,-0.92,-0.009,0.03
2022-08-09,0.971,0.973,0.98,0.971,110,10796.0,0.93,0.72,0.007,0.3
2022-08-10,0.971,0.98,0.98,0.971,540,52853.0,0.92,0.72,0.007,1.45
2022-08-11,0.979,0.985,0.985,0.979,151,14820.0,0.61,0.51,0.005,0.4
2022-08-12,0.979,0.985,0.985,0.979,51,4966.0,0.61,0.0,0.0,0.14
2022-08-15,0.979,0.985,0.985,0.979,59,5766.0,0.61,0.0,0.0,0.16
2022-08-16,0.982,0.982,0.982,0.982,20,1948.0,0.0,-0.3,-0.003,0.05
2022-08-17,0.99,0.989,0.99,0.988,29,2867.0,0.2,0.71,0.007,0.08
2022-08-19,0.98,0.98,0.98,0.98,2,196.0,0.0,-0.91,-0.009,0.01
2022-08-22,0.986,0.99,0.999,0.986,268,26531.0,1.33,1.02,0.01,0.72
2022-08-24,0.976,0.981,0.981,0.976,20,1941.0,0.51,-0.91,-0.009,0.05
2022-08-25,0.971,0.979,0.979,0.971,20,1934.0,0.82,-0.2,-0.002,0.05
2022-08-26,0.974,0.985,0.985,0.974,21,2037.0,1.12,0.61,0.006,0.06
2022-08-29,0.974,0.974,0.974,0.974,10,966.0,0.0,-1.12,-0.011,0.03
2022-08-31,0.967,0.969,0.969,0.967,25,2405.0,0.21,-0.51,-0.005,0.07
2022-09-01,0.969,0.969,0.969,0.969,96,9345.0,0.0,0.0,0.0,0.26
2022-09-02,0.962,0.962,0.962,0.962,10,954.0,0.0,-0.72,-0.007,0.03
2022-09-05,0.962,0.962,0.962,0.962,10,954.0,0.0,0.0,0.0,0.03
2022-09-06,0.963,0.963,0.963,0.963,95,9102.0,0.0,0.1,0.001,0.25
2022-09-07,0.963,0.963,0.963,0.963,10,955.0,0.0,0.0,0.0,0.03
2022-09-08,0.965,0.966,0.966,0.965,20,1916.0,0.1,0.31,0.003,0.05
2022-09-09,0.998,0.967,0.998,0.964,32,3082.0,3.52,0.1,0.001,0.09
2022-09-13,0.965,0.965,0.965,0.965,10,957.0,0.0,-0.21,-0.002,0.03
2022-09-15,0.96,0.96,0.965,0.96,2336,224301.0,0.52,-0.52,-0.005,6.26
2022-09-16,0.96,0.969,0.969,0.96,742,71334.0,0.94,0.94,0.009,1.99
2022-09-19,0.961,0.961,0.961,0.961,10,953.0,0.0,-0.83,-0.008,0.03
2022-09-20,0.968,0.968,0.968,0.968,105,10164.0,0.0,0.73,0.007,0.28
2022-09-21,0.962,0.962,0.962,0.962,610,58674.0,0.0,-0.62,-0.006,1.64
2022-09-22,0.961,0.961,0.961,0.961,10,953.0,0.0,-0.1,-0.001,0.03
2022-09-26,0.958,0.958,0.958,0.958,1,96.0,0.0,-0.31,-0.003,0.0
2022-09-27,0.953,0.96,0.96,0.953,110,10545.0,0.73,0.21,0.002,0.29
2022-09-28,0.961,0.953,0.961,0.95,552,53007.0,1.15,-0.73,-0.007,1.48
2022-09-29,0.951,0.951,0.951,0.951,10,943.0,0.0,-0.21,-0.002,0.03
2022-09-30,0.948,0.95,0.95,0.948,535,50848.0,0.21,-0.11,-0.001,1.44
2022-10-10,0.95,0.95,0.95,0.95,537,51007.0,0.0,0.0,0.0,1.44
2022-10-11,0.934,0.934,0.934,0.934,10,927.0,0.0,-1.68,-0.016,0.03
2022-10-12,0.93,0.93,0.93,0.93,10,923.0,0.0,-0.43,-0.004,0.03
2022-10-13,0.936,0.938,0.938,0.936,11,1007.0,0.22,0.86,0.008,0.03
2022-10-18,0.943,0.943,0.943,0.943,9,849.0,0.0,0.53,0.005,0.02
2022-10-19,0.941,0.95,0.95,0.941,688,65329.0,0.95,0.74,0.007,1.84
2022-10-20,0.937,0.945,0.945,0.937,31,2899.0,0.84,-0.53,-0.005,0.08
2022-10-21,0.949,0.949,0.949,0.949,10,941.0,0.0,0.42,0.004,0.03
2022-10-26,0.94,0.94,0.94,0.94,10,932.0,0.0,-0.95,-0.009,0.03
2022-10-28,0.941,0.94,0.941,0.94,13,1215.0,0.11,0.0,0.0,0.03
2022-10-31,0.925,0.933,0.933,0.925,418,38664.0,0.85,-0.74,-0.007,1.12
2022-11-01,0.935,0.935,0.935,0.935,10,928.0,0.0,0.21,0.002,0.03
2022-11-02,0.935,0.935,0.935,0.935,4960,463789.0,0.0,0.0,0.0,13.3
2022-11-03,0.958,0.959,0.959,0.958,150,14416.0,0.11,2.57,0.024,0.4
2022-11-04,0.96,0.962,0.962,0.96,20,1914.0,0.21,0.31,0.003,0.05
2022-11-07,0.969,0.948,0.969,0.948,111,10657.0,2.18,-1.46,-0.014,0.3
2022-11-08,0.954,0.954,0.954,0.954,11,1042.0,0.0,0.63,0.006,0.03
2022-11-11,0.96,0.96,0.96,0.96,140,13440.0,0.0,0.63,0.006,0.38
2022-11-14,0.953,0.953,0.953,0.953,20,1891.0,0.0,-0.73,-0.007,0.05
2022-11-18,0.946,0.946,0.946,0.946,10,938.0,0.0,-0.73,-0.007,0.03
2022-11-21,0.944,0.944,0.944,0.944,18,1699.0,0.0,-0.21,-0.002,0.05
2022-11-24,0.94,0.94,0.941,0.94,60,5596.0,0.11,-0.42,-0.004,0.16
2022-11-28,0.933,0.933,0.933,0.933,10,926.0,0.0,-0.74,-0.007,0.03
2022-11-29,0.936,0.944,0.944,0.936,20,1865.0,0.86,1.18,0.011,0.05
2022-12-01,0.944,0.945,0.945,0.944,6,544.0,0.11,0.11,0.001,0.02
2022-12-02,0.945,0.945,0.945,0.945,10,937.0,0.0,0.0,0.0,0.03
2022-12-06,0.945,0.944,0.945,0.944,50,4716.0,0.11,-0.11,-0.001,0.13
2022-12-09,0.971,0.971,0.971,0.971,1,97.0,0.0,2.86,0.027,0.0
2022-12-12,0.96,0.951,0.96,0.951,22,2093.0,0.93,-2.06,-0.02,0.06
2022-12-14,0.925,0.925,0.925,0.925,10,918.0,0.0,-2.73,-0.026,0.03
2022-12-15,0.931,0.931,0.931,0.931,10,924.0,0.0,0.65,0.006,0.03
2022-12-20,0.923,0.923,0.923,0.923,10,916.0,0.0,-0.86,-0.008,0.03
2022-12-26,0.922,0.922,0.922,0.922,26,2397.0,0.0,-0.11,-0.001,0.07
2022-12-27,0.939,0.939,0.939,0.939,65,6099.0,0.0,1.84,0.017,0.17
2022-12-28,0.93,0.93,0.93,0.93,10,923.0,0.0,-0.96,-0.009,0.03
2023-01-04,0.926,0.926,0.926,0.926,79,7349.0,0.0,-0.43,-0.004,0.21
2023-01-05,0.945,0.953,0.953,0.945,105,9974.0,0.86,2.92,0.027,0.28
2023-01-06,0.935,0.935,0.935,0.935,500,46750.0,0.0,-1.89,-0.018,1.34
2023-01-09,1.005,1.005,1.005,1.005,1,101.0,0.0,7.49,0.07,0.0
2023-01-10,0.94,0.942,1.0,0.94,21,1967.0,5.97,-6.27,-0.063,0.06
2023-01-11,0.938,0.942,0.942,0.938,982,92421.0,0.42,0.0,0.0,2.63
2023-01-16,0.946,0.989,0.989,0.946,8,761.0,4.56,4.99,0.047,0.02
2023-01-19,0.951,1.005,1.005,0.951,88,8553.0,5.46,1.62,0.016,0.24
2023-01-20,0.954,0.989,0.989,0.954,111,10971.0,3.48,-1.59,-0.016,0.3
2023-01-31,0.989,1.002,1.002,0.962,61,6000.0,4.04,1.31,0.013,0.16
2023-02-01,0.964,0.993,0.993,0.964,51,4935.0,2.89,-0.9,-0.009,0.14
2023-02-02,0.961,0.967,0.993,0.961,16,1536.0,3.22,-2.62,-0.026,0.04
2023-02-08,0.952,0.952,0.952,0.952,10,944.0,0.0,-1.55,-0.015,0.03
2023-02-09,0.948,0.981,0.986,0.948,100,9530.0,3.99,3.05,0.029,0.27
2023-02-10,0.951,0.988,0.988,0.951,11,1042.0,3.77,0.71,0.007,0.03
2023-02-13,0.955,0.979,0.979,0.955,33,3172.0,2.43,-0.91,-0.009,0.09
2023-02-14,0.978,0.992,0.992,0.978,14,1355.0,1.43,1.33,0.013,0.04
2023-02-15,0.953,0.98,0.98,0.953,16,1533.0,2.72,-1.21,-0.012,0.04
2023-02-16,0.965,0.965,0.965,0.965,10,957.0,0.0,-1.53,-0.015,0.03
2023-02-23,0.993,0.989,0.993,0.989,4,397.0,0.41,2.49,0.024,0.01
2023-02-24,0.958,0.986,0.986,0.958,11,1082.0,2.83,-0.3,-0.003,0.03
2023-02-27,0.96,0.966,0.966,0.96,20,1911.0,0.61,-2.03,-0.02,0.05
2023-02-28,0.955,0.955,0.955,0.955,10,955.0,0.0,-1.14,-0.011,0.03
2023-03-01,0.945,0.969,0.983,0.945,16,1550.0,3.98,1.47,0.014,0.04
2023-03-02,0.957,0.978,0.978,0.956,16,1526.0,2.27,0.93,0.009,0.04
2023-03-03,0.975,0.957,0.979,0.939,346,33386.0,4.09,-2.15,-0.021,0.93
2023-03-06,0.949,0.979,0.98,0.949,150,14612.0,3.24,2.3,0.022,0.4
2023-03-07,0.962,0.97,0.97,0.958,764,73925.0,1.23,-0.92,-0.009,2.05
2023-03-08,0.958,0.968,0.968,0.958,140,13532.0,1.03,-0.21,-0.002,0.38
2023-03-09,0.952,0.952,0.952,0.952,128,12186.0,0.0,-1.65,-0.016,0.34
2023-03-10,0.977,0.973,0.977,0.973,133,12994.0,0.42,2.21,0.021,0.36
2023-03-14,0.945,0.95,0.95,0.945,137,12950.0,0.51,-2.36,-0.023,0.37
2023-03-15,0.922,0.932,0.981,0.922,188,18357.0,6.21,-1.89,-0.018,0.5
2023-03-16,0.935,0.935,0.935,0.935,130,12155.0,0.0,0.32,0.003,0.35
2023-03-17,0.936,0.936,0.97,0.936,143,13826.0,3.64,0.11,0.001,0.38
2023-03-22,0.972,0.934,0.996,0.934,100,9728.0,6.62,-0.21,-0.002,0.27
2023-03-23,0.924,0.945,0.973,0.924,209,19758.0,5.25,1.18,0.011,0.56
2023-03-24,0.935,0.976,0.976,0.935,42,4093.0,4.34,3.28,0.031,0.11
2023-03-27,0.952,0.953,0.953,0.952,24,2285.0,0.1,-2.36,-0.023,0.06
2023-03-28,0.941,0.941,0.941,0.941,20,1882.0,0.0,-1.26,-0.012,0.05
2023-03-29,0.929,0.939,0.939,0.929,308,28904.0,1.06,-0.21,-0.002,0.83
2023-03-30,0.939,0.94,0.94,0.939,35,3281.0,0.11,0.11,0.001,0.09
2023-04-03,0.924,0.924,0.924,0.924,10,917.0,0.0,-1.7,-0.016,0.03
2023-04-04,0.936,0.938,0.938,0.936,95,8901.0,0.22,1.52,0.014,0.25
2023-04-06,0.945,0.947,0.947,0.945,45,4243.0,0.21,0.96,0.009,0.12
2023-04-11,0.97,0.974,0.974,0.97,16,1554.0,0.42,2.85,0.027,0.04
2023-04-12,0.974,0.959,0.974,0.957,26,2493.0,1.75,-1.54,-0.015,0.07
2023-04-13,0.947,0.947,0.947,0.947,4,379.0,0.0,-1.25,-0.012,0.01
2023-04-14,0.977,0.976,0.977,0.956,41,3976.0,2.22,3.06,0.029,0.11
2023-04-17,0.976,0.975,0.976,0.958,53,5147.0,1.84,-0.1,-0.001,0.14
2023-04-18,0.961,0.962,0.962,0.961,11,1050.0,0.1,-1.33,-0.013,0.03
2023-04-20,0.962,0.964,0.964,0.962,35,3346.0,0.21,0.21,0.002,0.09
2023-04-21,0.964,0.98,0.98,0.964,11,1054.0,1.66,1.66,0.016,0.03
2023-04-24,0.977,0.976,0.977,0.936,510,49788.0,4.18,-0.41,-0.004,1.37
2023-04-26,0.974,0.973,0.974,0.952,51,4872.0,2.25,-0.31,-0.003,0.14
2023-04-28,0.972,0.974,0.999,0.972,168,16355.0,2.77,0.1,0.001,0.45
2023-05-04,0.948,0.997,0.997,0.948,26,2475.0,5.03,2.36,0.023,0.07
2023-05-05,0.995,0.99,0.995,0.949,20,1936.0,4.61,-0.7,-0.007,0.05
2023-05-08,0.943,0.959,0.959,0.943,527,50061.0,1.62,-3.13,-0.031,1.41
2023-05-09,0.945,0.948,0.951,0.945,218,20681.0,0.63,-1.15,-0.011,0.58
2023-05-10,0.948,0.957,0.957,0.944,31,2923.0,1.37,0.95,0.009,0.08
2023-05-15,0.975,0.975,0.975,0.975,9,878.0,0.0,1.88,0.018,0.02
2023-05-16,0.958,0.961,0.963,0.934,500,47805.0,2.97,-1.44,-0.014,1.34
2023-05-18,0.925,0.961,0.962,0.925,4,381.0,3.85,0.0,0.0,0.01
2023-05-19,0.979,0.944,0.979,0.944,20,1915.0,3.64,-1.77,-0.017,0.05
2023-05-22,0.941,0.964,0.964,0.941,8,755.0,2.44,2.12,0.02,0.02
2023-05-24,0.941,0.963,0.963,0.936,133,12452.0,2.8,-0.1,-0.001,0.36
2023-05-25,0.94,0.957,0.959,0.916,161,15395.0,4.47,-0.62,-0.006,0.43
2023-05-30,0.932,0.936,0.953,0.932,76,7067.0,2.19,-2.19,-0.021,0.2
2023-06-01,0.931,0.95,0.95,0.931,18,1691.0,2.03,1.5,0.014,0.05
2023-06-02,0.92,0.962,0.962,0.92,107,9873.0,4.42,1.26,0.012,0.29
2023-06-05,0.92,0.959,0.959,0.92,7,648.0,4.05,-0.31,-0.003,0.02
2023-06-06,0.924,0.957,0.957,0.924,2,188.0,3.44,-0.21,-0.002,0.01
2023-06-08,0.948,0.93,0.948,0.918,21,1950.0,3.13,-2.82,-0.027,0.06
2023-06-09,0.932,0.932,0.932,0.932,10,925.0,0.0,0.22,0.002,0.03
2023-06-12,0.933,0.952,0.952,0.924,21,1946.0,3.0,2.15,0.02,0.06
2023-06-13,0.933,0.936,0.964,0.933,795,74294.0,3.26,-1.68,-0.016,2.13
2023-06-14,0.922,0.951,0.951,0.922,7,663.0,3.1,1.6,0.015,0.02
2023-06-15,0.989,0.958,0.989,0.933,67,6417.0,5.89,0.74,0.007,0.18
2023-06-16,0.933,0.98,0.987,0.933,310,29714.0,5.64,2.3,0.022,0.83
2023-06-20,0.933,0.979,0.979,0.933,4,387.0,4.69,-0.1,-0.001,0.01
2023-06-21,0.977,0.978,0.978,0.941,159,14998.0,3.78,-0.1,-0.001,0.43
2023-06-26,0.927,0.968,0.974,0.902,3501,317327.0,7.36,-1.02,-0.01,9.39
2023-06-27,0.936,0.967,0.967,0.936,21,1996.0,3.2,-0.1,-0.001,0.06
2023-06-28,0.926,0.964,0.966,0.926,258,23915.0,4.14,-0.31,-0.003,0.69
2023-06-29,0.945,0.958,0.963,0.945,38,3595.0,1.87,-0.62,-0.006,0.1
2023-06-30,0.94,0.96,0.961,0.94,4,391.0,2.19,0.21,0.002,0.01
2023-07-03,0.93,0.959,0.959,0.93,2002,191994.0,3.02,-0.1,-0.001,5.37
2023-07-04,0.931,0.947,0.963,0.931,611,58638.0,3.34,-1.25,-0.012,1.64
2023-07-05,0.929,0.929,0.929,0.929,943,87570.0,0.0,-1.9,-0.018,2.53
2023-07-06,0.936,0.94,0.941,0.936,16,1497.0,0.54,1.18,0.011,0.04
2023-07-07,0.963,0.95,0.963,0.942,23,2176.0,2.23,1.06,0.01,0.06
2023-07-10,0.93,0.942,0.955,0.93,33,3113.0,2.63,-0.84,-0.008,0.09
2023-07-11,0.942,0.943,0.943,0.942,7,661.0,0.11,0.11,0.001,0.02
2023-07-12,0.928,0.939,0.939,0.928,10,940.0,1.17,-0.42,-0.004,0.03
2023-07-13,0.94,0.939,0.94,0.932,25,2332.0,0.85,0.0,0.0,0.07
2023-07-14,0.938,0.939,0.939,0.938,2,188.0,0.11,0.0,0.0,0.01
2023-07-17,0.936,0.946,0.946,0.936,10,930.0,1.06,0.75,0.007,0.03
2023-07-18,0.938,0.938,0.938,0.938,0,1.0,0.0,-0.85,-0.008,0.0
2023-07-19,0.933,0.933,0.933,0.933,0,1.0,0.0,-0.53,-0.005,0.0
2023-07-21,0.933,0.958,0.958,0.933,5,479.0,2.68,2.68,0.025,0.01
2023-07-24,0.954,0.952,0.954,0.939,242,23041.0,1.57,-0.63,-0.006,0.65
2023-07-25,0.937,0.951,0.952,0.937,480,45674.0,1.58,-0.11,-0.001,1.29
2023-07-26,0.951,0.938,0.951,0.938,110,10448.0,1.37,-1.37,-0.013,0.29
2023-07-28,0.938,0.942,0.942,0.938,19,1771.0,0.43,0.43,0.004,0.05
2023-08-01,0.988,0.988,0.988,0.988,1,99.0,0.0,4.88,0.046,0.0
2023-08-02,0.93,0.971,0.971,0.93,108,10077.0,4.15,-1.72,-0.017,0.29
2023-08-03,0.941,0.967,0.967,0.941,13,1236.0,2.68,-0.41,-0.004,0.03
2023-08-04,0.986,0.943,0.986,0.943,7,674.0,4.45,-2.48,-0.024,0.02
2023-08-07,0.939,0.939,0.987,0.939,166,16225.0,5.09,-0.42,-0.004,0.45
2023-08-08,0.99,0.935,0.99,0.915,149,13944.0,7.99,-0.43,-0.004,0.4
2023-08-09,0.932,0.971,0.971,0.932,201,19503.0,4.17,3.85,0.036,0.54
2023-08-10,0.958,0.938,1.058,0.937,217,20445.0,12.46,-3.4,-0.033,0.58
2023-08-11,0.933,0.951,0.981,0.933,198,19354.0,5.12,1.39,0.013,0.53
2023-08-14,0.917,0.927,0.927,0.917,15,1378.0,1.05,-2.52,-0.024,0.04
2023-08-15,0.928,0.928,0.928,0.928,10,921.0,0.0,0.11,0.001,0.03
2023-08-16,0.915,0.92,0.92,0.915,16,1460.0,0.54,-0.86,-0.008,0.04
2023-08-21,0.905,0.987,0.998,0.905,472,43774.0,10.11,7.28,0.067,1.27
2023-08-22,0.987,0.969,0.987,0.92,109,10493.0,6.79,-1.82,-0.018,0.29
2023-08-23,0.969,0.966,0.969,0.914,97,8945.0,5.68,-0.31,-0.003,0.26
2023-08-24,0.915,0.93,0.977,0.915,85,7907.0,6.42,-3.73,-0.036,0.23
2023-08-25,0.919,0.937,0.965,0.919,192,18464.0,4.95,0.75,0.007,0.51
2023-08-28,0.925,0.926,0.929,0.923,611,56500.0,0.64,-1.17,-0.011,1.64
2023-08-29,0.906,0.928,0.928,0.906,0,2.0,2.38,0.22,0.002,0.0
2023-08-30,0.962,0.93,0.962,0.926,536,50398.0,3.88,0.22,0.002,1.44
2023-08-31,0.95,0.935,0.95,0.928,663,61961.0,2.37,0.54,0.005,1.78
2023-09-01,0.936,0.934,0.936,0.934,1052,98376.0,0.21,-0.11,-0.001,2.82
2023-09-04,0.934,0.935,0.935,0.934,177,16549.0,0.11,0.11,0.001,0.47
2023-09-05,0.911,0.932,0.957,0.911,180,17224.0,4.92,-0.32,-0.003,0.48
2023-09-06,0.931,0.933,0.933,0.931,25,2323.0,0.21,0.11,0.001,0.07
2023-09-07,0.93,0.942,0.942,0.926,2006,186594.0,1.71,0.96,0.009,5.38
2023-09-08,0.942,0.942,0.942,0.942,13,1225.0,0.0,0.0,0.0,0.03
2023-09-11,0.912,0.931,0.931,0.912,9,828.0,2.02,-1.17,-0.011,0.02
2023-09-12,0.928,0.941,0.942,0.928,105,9768.0,1.5,1.07,0.01,0.28
2023-09-13,0.925,0.939,0.939,0.925,74,6950.0,1.49,-0.21,-0.002,0.2
2023-09-14,0.92,0.93,0.93,0.92,30,2763.0,1.06,-0.96,-0.009,0.08
2023-09-15,0.924,0.927,0.928,0.924,211,19601.0,0.43,-0.32,-0.003,0.57
2023-09-18,0.922,0.943,0.944,0.922,21,1954.0,2.37,1.73,0.016,0.06
2023-09-19,0.92,0.918,0.927,0.915,177,16257.0,1.27,-2.65,-0.025,0.47
2023-09-20,0.918,0.925,0.925,0.918,56,5181.0,0.76,0.76,0.007,0.15
2023-09-21,0.919,0.925,0.938,0.919,46,4288.0,2.05,0.0,0.0,0.12
2023-09-22,0.92,0.912,0.928,0.912,42,3900.0,1.73,-1.41,-0.013,0.11
2023-09-27,0.908,0.93,0.93,0.908,23,2126.0,2.41,1.97,0.018,0.06
2023-09-28,0.927,0.93,0.938,0.911,4,347.0,2.9,0.0,0.0,0.01
2023-10-09,0.902,0.938,0.938,0.902,1,95.0,3.87,0.86,0.008,0.0
2023-10-10,0.905,0.923,0.923,0.905,1985,179662.0,1.92,-1.6,-0.015,5.32
2023-10-11,0.91,0.923,0.923,0.91,312,28752.0,1.41,0.0,0.0,0.84
2023-10-12,0.897,0.938,0.939,0.897,2,189.0,4.55,1.63,0.015,0.01
2023-10-16,0.891,0.937,0.938,0.891,16,1454.0,5.01,-0.11,-0.001,0.04
2023-10-17,0.894,0.948,0.948,0.894,1,96.0,5.76,1.17,0.011,0.0
2023-10-18,0.902,0.931,0.934,0.902,29,2640.0,3.38,-1.79,-0.017,0.08
2023-10-19,0.903,0.929,0.93,0.903,2,186.0,2.9,-0.21,-0.002,0.01
2023-10-20,0.929,0.929,0.929,0.929,35,3236.0,0.0,0.0,0.0,0.09
2023-10-23,0.893,0.93,0.994,0.893,129,12209.0,10.87,0.11,0.001,0.35
2023-10-24,0.901,0.903,0.957,0.901,170,15922.0,6.02,-2.9,-0.027,0.46
2023-10-25,0.9,0.908,0.947,0.9,116,10623.0,5.2,0.55,0.005,0.31
2023-10-26,0.881,0.933,0.934,0.881,79,7057.0,5.84,2.75,0.025,0.21
2023-10-27,0.906,0.906,0.906,0.906,10,899.0,0.0,-2.89,-0.027,0.03
2023-10-30,0.907,0.928,0.928,0.907,13,1195.0,2.32,2.43,0.022,0.03
2023-10-31,0.921,0.918,0.921,0.918,10,912.0,0.32,-1.08,-0.01,0.03
2023-11-01,0.927,0.919,0.927,0.919,6,552.0,0.87,0.11,0.001,0.02
2023-11-02,0.934,0.934,0.934,0.934,1,93.0,0.0,1.63,0.015,0.0
2023-11-03,0.92,0.927,0.927,0.92,994,91412.0,0.75,-0.75,-0.007,2.66
2023-11-06,0.926,0.926,0.928,0.926,218,20188.0,0.22,-0.11,-0.001,0.58
2023-11-08,0.921,0.921,0.921,0.921,0,2.0,0.0,-0.54,-0.005,0.0
2023-11-09,0.926,0.926,0.926,0.926,0,2.0,0.0,0.54,0.005,0.0
2023-11-10,0.919,0.92,0.921,0.919,20,1824.0,0.22,-0.65,-0.006,0.05
2023-11-14,0.917,0.925,0.925,0.917,17,1557.0,0.87,0.54,0.005,0.05
2023-11-15,0.929,0.92,0.929,0.92,3,280.0,0.97,-0.54,-0.005,0.01
2023-11-17,0.939,0.939,0.939,0.939,0,1.0,0.0,2.07,0.019,0.0
2023-11-20,0.92,0.936,0.936,0.92,198,18255.0,1.7,-0.32,-0.003,0.53
2023-11-21,0.927,0.939,0.943,0.927,361,33485.0,1.71,0.32,0.003,0.97
2023-11-22,0.921,0.921,0.921,0.921,1,92.0,0.0,-1.92,-0.018,0.0
2023-11-28,0.915,0.918,0.918,0.915,10,909.0,0.33,-0.33,-0.003,0.03
2023-11-29,0.919,0.919,0.924,0.918,15,1379.0,0.65,0.11,0.001,0.04
2023-11-30,0.917,0.917,0.923,0.917,11,1003.0,0.65,-0.22,-0.002,0.03
2023-12-01,0.921,0.921,0.921,0.921,1,92.0,0.0,0.44,0.004,0.0
2023-12-11,0.93,0.93,0.93,0.93,25,2355.0,0.0,0.98,0.009,0.07
2023-12-13,0.914,0.914,0.914,0.914,0,1.0,0.0,-1.72,-0.016,0.0
2023-12-15,0.914,0.931,0.931,0.914,329,30621.0,1.86,1.86,0.017,0.88
2023-12-19,0.913,0.929,0.929,0.913,111,10129.0,1.72,-0.21,-0.002,0.3
2023-12-20,0.925,0.925,0.925,0.925,250,23125.0,0.0,-0.43,-0.004,0.67
2023-12-21,0.913,0.913,0.913,0.913,0,1.0,0.0,-1.3,-0.012,0.0
2023-12-25,0.917,0.908,0.921,0.908,301,27723.0,1.42,-0.55,-0.005,0.81
2023-12-26,0.892,0.916,0.916,0.892,20,1816.0,2.64,0.88,0.008,0.05
2023-12-27,0.932,0.932,0.932,0.932,20,1864.0,0.0,1.75,0.016,0.05
2023-12-28,0.91,0.911,0.911,0.91,10,905.0,0.11,-2.25,-0.021,0.03
2023-12-29,0.917,0.917,0.917,0.917,0,1.0,0.0,0.66,0.006,0.0
2024-01-03,0.915,0.915,0.915,0.915,10,908.0,0.0,-0.22,-0.002,0.03
2024-01-08,0.88,0.88,0.88,0.88,6,571.0,0.0,-3.83,-0.035,0.02
2024-01-09,0.897,0.897,0.897,0.897,0,1.0,0.0,1.93,0.017,0.0
2024-01-10,0.901,0.901,0.901,0.901,0,1.0,0.0,0.45,0.004,0.0
2024-01-11,0.904,0.904,0.904,0.904,1,90.0,0.0,0.33,0.003,0.0
2024-01-17,0.902,0.902,0.902,0.902,1191,107389.0,0.0,-0.22,-0.002,3.19
2024-01-19,0.9,0.9,0.9,0.9,69,6195.0,0.0,-0.22,-0.002,0.18
2024-01-24,0.891,0.891,0.891,0.891,10,884.0,0.0,-1.0,-0.009,0.03
2024-01-25,0.95,0.949,0.95,0.949,88,8355.0,0.11,6.51,0.058,0.24
2024-01-26,0.943,0.935,0.943,0.904,54,4939.0,4.11,-1.48,-0.014,0.14
2024-02-05,0.887,0.907,0.907,0.886,11,970.0,2.25,-2.99,-0.028,0.03
2024-02-06,0.906,0.89,0.906,0.89,14,1245.0,1.76,-1.87,-0.017,0.04
2024-02-07,0.89,0.945,0.945,0.89,206,19231.0,6.18,6.18,0.055,0.55
2024-02-08,0.934,0.934,0.935,0.893,601,54647.0,4.44,-1.16,-0.011,1.61
2024-02-20,0.914,0.936,0.936,0.914,60,5486.0,2.36,0.21,0.002,0.16
2024-02-26,0.89,0.934,0.934,0.888,472,43276.0,4.91,-0.21,-0.002,1.27
2024-02-27,0.916,0.934,0.934,0.916,14,1249.0,1.93,0.0,0.0,0.04
2024-02-28,0.918,0.92,0.92,0.918,30,2749.0,0.21,-1.5,-0.014,0.08
2024-03-01,0.92,0.95,0.95,0.92,11,1008.0,3.26,3.26,0.03,0.03
2024-03-04,0.925,0.938,1.006,0.925,104,9757.0,8.53,-1.26,-0.012,0.28
2024-03-08,0.938,0.939,0.945,0.938,92,8635.0,0.75,0.11,0.001,0.25
2024-03-11,0.938,0.938,0.938,0.938,1,94.0,0.0,-0.11,-0.001,0.0
2024-03-12,0.92,0.956,0.956,0.919,128,11948.0,3.94,1.92,0.018,0.34
2024-03-13,0.94,0.94,0.963,0.94,51,4796.0,2.41,-1.67,-0.016,0.14
2024-03-14,0.947,0.947,0.947,0.947,1,95.0,0.0,0.74,0.007,0.0
2024-03-18,0.931,0.931,0.96,0.931,100,9312.0,3.06,-1.69,-0.016,0.27
2024-03-19,0.939,0.932,0.95,0.932,46,4316.0,1.93,0.11,0.001,0.12
2024-03-20,0.943,0.933,0.943,0.933,4,372.0,1.07,0.11,0.001,0.01
2024-03-21,0.951,0.951,0.951,0.951,1,95.0,0.0,1.93,0.018,0.0
2024-03-25,0.954,0.954,0.954,0.954,1,95.0,0.0,0.32,0.003,0.0
2024-03-26,0.94,0.949,0.949,0.937,6,564.0,1.26,-0.52,-0.005,0.02
2024-03-29,0.932,0.939,0.948,0.931,37,3472.0,1.79,-1.05,-0.01,0.1
2024-04-01,0.951,0.949,0.951,0.949,2,190.0,0.21,1.06,0.01,0.01
2024-04-10,0.932,0.948,0.948,0.92,154,14226.0,2.95,-0.11,-0.001,0.41
2024-04-12,0.92,0.95,0.95,0.92,234,21576.0,3.16,0.21,0.002,0.63
2024-04-15,0.938,0.938,0.938,0.938,40,3752.0,0.0,-1.26,-0.012,0.11
2024-04-16,0.921,0.935,0.935,0.92,57,5234.0,1.6,-0.32,-0.003,0.15
2024-04-17,0.936,0.936,0.936,0.936,16,1498.0,0.0,0.11,0.001,0.04
2024-04-18,0.913,0.938,0.938,0.913,11,999.0,2.67,0.21,0.002,0.03
2024-04-19,0.922,0.934,0.934,0.922,20,1838.0,1.28,-0.43,-0.004,0.05
2024-04-22,0.924,0.941,0.941,0.924,11,1011.0,1.82,0.75,0.007,0.03
2024-04-24,0.935,0.939,0.945,0.923,37,3444.0,2.34,-0.21,-0.002,0.1
2024-04-25,0.922,0.942,0.942,0.921,167,15430.0,2.24,0.32,0.003,0.45
2024-04-29,0.948,0.948,0.948,0.948,2,190.0,0.0,0.64,0.006,0.01
2024-04-30,0.934,0.946,0.946,0.934,12,1116.0,1.27,-0.21,-0.002,0.03
2024-05-06,0.946,0.946,0.946,0.946,1,95.0,0.0,0.0,0.0,0.0
2024-05-07,0.945,0.945,0.945,0.941,5,472.0,0.42,-0.11,-0.001,0.01
2024-05-10,0.923,0.946,0.946,0.923,20,1876.0,2.43,0.11,0.001,0.05
2024-05-13,0.943,0.948,0.948,0.943,2,189.0,0.53,0.21,0.002,0.01
2024-05-15,0.932,0.949,0.949,0.932,11,1019.0,1.79,0.11,0.001,0.03
2024-05-20,0.937,0.938,0.938,0.937,578,54208.0,0.11,-1.16,-0.011,1.55
2024-05-21,0.938,0.94,0.94,0.938,52,4876.0,0.21,0.21,0.002,0.14
2024-05-23,0.927,0.927,0.927,0.927,10,920.0,0.0,-1.38,-0.013,0.03
2024-05-24,0.938,0.938,0.938,0.936,565,52987.0,0.22,1.19,0.011,1.51
2024-05-27,0.935,0.935,0.935,0.935,10,928.0,0.0,-0.32,-0.003,0.03
2024-05-30,0.932,0.932,0.932,0.932,10,925.0,0.0,-0.32,-0.003,0.03
2024-05-31,0.937,0.937,0.937,0.937,55,5128.0,0.0,0.54,0.005,0.15
2024-06-03,0.936,0.936,0.936,0.936,22,2052.0,0.0,-0.11,-0.001,0.06
2024-06-04,0.947,0.947,0.947,0.947,1,95.0,0.0,1.18,0.011,0.0
2024-06-05,0.937,0.937,0.944,0.937,12,1118.0,0.74,-1.06,-0.01,0.03
2024-06-06,0.937,0.942,0.942,0.936,92,8605.0,0.64,0.53,0.005,0.25
2024-06-07,0.937,0.942,0.942,0.937,52,4837.0,0.53,0.0,0.0,0.14
2024-06-11,0.939,0.939,0.939,0.939,9,845.0,0.0,-0.32,-0.003,0.02
2024-06-12,0.923,0.945,0.945,0.923,1,96.0,2.34,0.64,0.006,0.0
2024-06-13,0.925,0.953,0.953,0.925,200,18458.0,2.96,0.85,0.008,0.53
2024-06-14,0.931,0.933,0.948,0.931,11,1026.0,1.78,-2.1,-0.02,0.03
2024-06-28,0.933,0.933,0.933,0.933,10,926.0,0.0,0.0,0.0,0.03
2024-07-01,0.927,0.927,0.927,0.927,10,920.0,0.0,-0.64,-0.006,0.03
2024-07-02,0.926,0.926,0.926,0.926,10,919.0,0.0,-0.11,-0.001,0.03
2024-07-04,0.922,0.926,0.926,0.922,20,1841.0,0.43,0.0,0.0,0.05
2024-07-10,0.916,0.854,0.92,0.854,4936,454075.0,7.13,-7.78,-0.072,13.23
2024-07-16,0.92,0.92,0.92,0.92,10,920.0,0.0,7.73,0.066,0.03
2024-07-17,0.937,0.937,0.976,0.937,116,11286.0,4.24,1.85,0.017,0.31
2024-07-23,0.924,0.925,0.925,0.924,10,925.0,0.11,-1.28,-0.012,0.03
2024-07-24,0.925,0.924,0.947,0.924,46,4271.0,2.49,-0.11,-0.001,0.12
2024-07-25,0.931,0.931,0.931,0.931,1,93.0,0.0,0.76,0.007,0.0
2024-07-26,0.921,0.921,0.929,0.921,13,1198.0,0.86,-1.07,-0.01,0.03
2024-07-29,0.929,0.92,0.968,0.92,21,1974.0,5.21,-0.11,-0.001,0.06
2024-07-30,0.92,0.923,0.923,0.917,15,1370.0,0.65,0.33,0.003,0.04
2024-07-31,0.924,0.925,0.926,0.924,13,1195.0,0.22,0.22,0.002,0.03
2024-08-01,0.937,0.917,0.937,0.917,21,1916.0,2.16,-0.86,-0.008,0.06
2024-08-02,0.916,0.922,0.922,0.916,8,733.0,0.65,0.55,0.005,0.02
2024-08-05,0.913,0.929,0.929,0.913,209,19123.0,1.74,0.76,0.007,0.56
2024-08-09,0.918,0.921,0.923,0.917,3,277.0,0.65,-0.86,-0.008,0.01
2024-08-12,0.915,0.919,0.919,0.915,11,1000.0,0.43,-0.22,-0.002,0.03
2024-08-13,0.919,0.919,0.919,0.915,2,222.0,0.44,0.0,0.0,0.01
2024-08-14,0.915,0.914,0.92,0.829,11,1028.0,9.9,-0.54,-0.005,0.03
2024-08-15,0.938,0.919,0.938,0.919,21,1936.0,2.08,0.55,0.005,0.06
2024-08-16,0.92,0.92,0.92,0.92,1,92.0,0.0,0.11,0.001,0.0
2024-08-20,0.912,0.913,0.913,0.912,20,1818.0,0.11,-0.76,-0.007,0.05
2024-08-21,0.918,0.918,0.918,0.918,5,459.0,0.0,0.55,0.005,0.01
2024-08-29,0.908,0.908,0.908,0.908,1,91.0,0.0,-1.09,-0.01,0.0
2024-09-02,0.907,0.907,0.907,0.907,10,900.0,0.0,-0.11,-0.001,0.03
2024-09-03,0.903,0.903,0.903,0.903,10,896.0,0.0,-0.44,-0.004,0.03
2024-09-04,0.91,0.91,0.91,0.91,10,903.0,0.0,0.78,0.007,0.03
2024-09-05,0.907,0.907,0.907,0.907,10,900.0,0.0,-0.33,-0.003,0.03
2024-09-06,0.906,0.906,0.906,0.906,82,7429.0,0.0,-0.11,-0.001,0.22
2024-09-09,0.93,0.93,0.93,0.93,1,93.0,0.0,2.65,0.024,0.0
2024-09-10,0.912,0.923,0.968,0.912,6,553.0,6.02,-0.75,-0.007,0.02
2024-09-13,0.837,0.837,0.837,0.837,0,1.0,0.0,-9.32,-0.086,0.0
2024-09-19,0.904,0.92,0.92,0.904,39,3547.0,1.91,9.92,0.083,0.1
2024-09-20,0.916,0.916,0.935,0.916,18,1646.0,2.07,-0.43,-0.004,0.05
2024-09-23,0.905,0.905,0.905,0.905,0,1.0,0.0,-1.2,-0.011,0.0
2024-09-24,0.907,0.907,0.907,0.907,10,900.0,0.0,0.22,0.002,0.03
2024-09-25,0.945,0.923,0.945,0.911,11,1007.0,3.75,1.76,0.016,0.03
2024-09-26,0.948,0.916,0.948,0.914,27,2475.0,3.68,-0.76,-0.007,0.07
2024-09-27,0.885,0.918,0.918,0.885,3,276.0,3.6,0.22,0.002,0.01
2024-09-30,1.008,0.949,1.008,0.904,290,27545.0,11.33,3.38,0.031,0.78
2024-10-08,1.043,0.969,1.043,0.94,50,4753.0,10.85,2.11,0.02,0.13
2024-10-09,0.968,0.966,0.968,0.93,444,41388.0,3.92,-0.31,-0.003,1.19
2024-10-10,0.93,0.942,0.944,0.93,58,5412.0,1.45,-2.48,-0.024,0.15
2024-10-11,0.895,0.932,0.958,0.895,11,1015.0,6.69,-1.06,-0.01,0.03
2024-10-14,0.895,0.97,0.97,0.895,169,15794.0,8.05,4.08,0.038,0.45
2024-10-15,0.934,0.963,0.966,0.934,13,1216.0,3.3,-0.72,-0.007,0.03
2024-10-17,1.042,0.95,1.042,0.925,10,939.0,12.15,-1.35,-0.013,0.03
2024-10-18,0.939,0.987,0.996,0.939,22,2071.0,6.0,3.89,0.037,0.06
2024-10-21,0.937,0.938,0.958,0.936,104,9772.0,2.23,-4.96,-0.049,0.28
2024-10-22,0.921,0.973,1.01,0.921,28,2664.0,9.49,3.73,0.035,0.07
2024-10-23,0.948,0.94,0.948,0.924,19,1794.0,2.47,-3.39,-0.033,0.05
2024-10-24,0.928,0.932,0.94,0.928,8,749.0,1.28,-0.85,-0.008,0.02
2024-10-25,0.939,0.939,0.939,0.939,0,1.0,0.0,0.75,0.007,0.0
2024-10-28,0.923,0.934,0.934,0.923,2,188.0,1.17,-0.53,-0.005,0.01
2024-10-29,0.939,0.939,0.939,0.93,8,753.0,0.96,0.54,0.005,0.02
2024-10-30,0.921,0.935,0.935,0.921,15,1396.0,1.49,-0.43,-0.004,0.04
2024-10-31,0.94,0.932,0.94,0.929,31,2864.0,1.18,-0.32,-0.003,0.08
2024-11-01,0.888,0.993,0.993,0.888,8,796.0,11.27,6.55,0.061,0.02
2024-11-04,0.923,0.963,0.965,0.923,4,387.0,4.23,-3.02,-0.03,0.01
2024-11-05,0.917,0.934,0.97,0.917,13,1251.0,5.5,-3.01,-0.029,0.03
2024-11-06,0.97,0.936,1.002,0.928,26,2446.0,7.92,0.21,0.002,0.07
2024-11-07,0.91,0.939,0.939,0.91,8,746.0,3.1,0.32,0.003,0.02
2024-11-08,0.947,0.947,0.947,0.94,35,3319.0,0.75,0.85,0.008,0.09
2024-11-11,0.921,0.935,0.935,0.921,0,2.0,1.48,-1.27,-0.012,0.0
2024-11-12,0.92,0.938,0.938,0.92,10,930.0,1.93,0.32,0.003,0.03
2024-11-13,0.923,0.932,0.932,0.923,10,925.0,0.96,-0.64,-0.006,0.03
2024-11-14,0.939,0.938,0.94,0.924,23,2146.0,1.72,0.64,0.006,0.06
2024-11-15,0.926,0.926,0.926,0.926,0,1.0,0.0,-1.28,-0.012,0.0
2024-11-18,0.927,0.927,0.927,0.927,0,1.0,0.0,0.11,0.001,0.0
2024-11-19,0.94,0.929,0.94,0.929,0,2.0,1.19,0.22,0.002,0.0
2024-11-20,0.932,0.858,0.939,0.858,1,96.0,8.72,-7.64,-0.071,0.0
2024-11-25,0.921,0.921,0.921,0.921,236,21736.0,0.0,7.34,0.063,0.63
2024-11-27,0.9,0.929,0.929,0.9,50,4646.0,3.15,0.87,0.008,0.13
2024-11-28,0.981,0.923,0.981,0.923,1,99.0,6.24,-0.65,-0.006,0.0
2024-12-02,0.9,0.9,0.9,0.9,0,1.0,0.0,-2.49,-0.023,0.0
2024-12-06,0.895,0.895,0.895,0.895,0,1.0,0.0,-0.56,-0.005,0.0
2024-12-09,0.928,0.93,0.965,0.928,112,10517.0,4.13,3.91,0.035,0.3
2024-12-10,0.965,0.941,0.965,0.941,114,10761.0,2.58,1.18,0.011,0.31
2024-12-11,0.923,0.888,0.944,0.888,115,10827.0,5.95,-5.63,-0.053,0.31
2024-12-13,0.965,0.963,0.965,0.946,370,35450.0,2.14,8.45,0.075,0.99
2024-12-16,0.933,0.943,0.943,0.933,3,282.0,1.04,-2.08,-0.02,0.01
2024-12-17,0.949,0.946,0.975,0.94,81,7668.0,3.71,0.32,0.003,0.22
2024-12-18,0.93,0.942,0.969,0.93,338,32097.0,4.12,-0.42,-0.004,0.91
2024-12-19,0.942,0.949,0.949,0.942,7,664.0,0.74,0.74,0.007,0.02
2024-12-20,0.96,0.955,0.96,0.937,79,7434.0,2.42,0.63,0.006,0.21
2024-12-23,0.968,0.945,0.968,0.945,58,5547.0,2.41,-1.05,-0.01,0.16
2024-12-24,0.939,0.955,0.96,0.939,795,76209.0,2.22,1.06,0.01,2.13
2024-12-25,0.937,0.954,0.954,0.937,5,478.0,1.78,-0.1,-0.001,0.01
2024-12-26,0.953,0.953,0.953,0.953,1,96.0,0.0,-0.1,-0.001,0.0
2024-12-30,0.957,0.954,0.957,0.954,10,947.0,0.31,0.1,0.001,0.03
2024-12-31,0.997,0.954,0.997,0.954,39,3759.0,4.51,0.0,0.0,0.1
2025-01-02,0.954,0.965,0.965,0.954,161,15471.0,1.15,1.15,0.011,0.43
2025-01-03,0.95,0.964,0.964,0.95,2,191.0,1.45,-0.1,-0.001,0.01
2025-01-06,0.949,0.96,0.965,0.949,52,5016.0,1.66,-0.41,-0.004,0.14
2025-01-07,0.945,0.961,0.961,0.945,8,761.0,1.67,0.1,0.001,0.02
2025-01-08,0.95,0.961,0.961,0.95,201,19096.0,1.14,0.0,0.0,0.54
2025-01-09,0.947,0.947,0.947,0.947,30,2841.0,0.0,-1.46,-0.014,0.08
2025-01-10,0.947,0.964,0.964,0.945,8,764.0,2.01,1.8,0.017,0.02
2025-01-13,0.947,0.962,0.962,0.947,8,764.0,1.56,-0.21,-0.002,0.02
2025-01-14,0.946,0.946,0.962,0.946,78,7385.0,1.66,-1.66,-0.016,0.21
2025-01-15,0.958,0.957,0.958,0.957,11,1054.0,0.11,1.16,0.011,0.03
2025-01-16,0.962,0.963,0.963,0.962,1,96.0,0.1,0.63,0.006,0.0
2025-01-17,0.964,0.964,0.964,0.964,20,1928.0,0.0,0.1,0.001,0.05
2025-01-20,0.966,0.966,0.966,0.966,2,193.0,0.0,0.21,0.002,0.01
2025-01-21,0.95,0.95,0.95,0.95,1,95.0,0.0,-1.66,-0.016,0.0
2025-02-05,0.968,0.968,0.968,0.968,5,484.0,0.0,1.89,0.018,0.01
2025-02-06,0.952,0.954,0.954,0.952,11,1026.0,0.21,-1.45,-0.014,0.03
2025-02-07,0.967,0.956,0.967,0.954,39,3715.0,1.36,0.21,0.002,0.1
2025-02-10,0.957,0.957,0.957,0.957,1,96.0,0.0,0.1,0.001,0.0
2025-02-11,0.957,0.957,0.957,0.957,2,191.0,0.0,0.0,0.0,0.01
2025-02-12,0.96,0.959,0.96,0.959,20,1904.0,0.1,0.21,0.002,0.05
2025-02-13,0.961,0.961,0.961,0.961,10,954.0,0.0,0.21,0.002,0.03
2025-02-14,0.955,0.962,0.962,0.955,218,20996.0,0.73,0.1,0.001,0.59
2025-02-18,0.962,0.962,0.962,0.96,520,50025.0,0.21,0.0,0.0,1.39
2025-02-19,0.962,0.962,0.962,0.962,10,954.0,0.0,0.0,0.0,0.03
2025-02-20,0.968,0.968,0.968,0.963,1,98.0,0.52,0.62,0.006,0.0
2025-02-21,0.968,0.964,0.968,0.964,10,961.0,0.41,-0.41,-0.004,0.03
2025-02-24,0.955,0.957,0.958,0.955,0,2.0,0.31,-0.73,-0.007,0.0
2025-02-26,0.968,0.967,0.968,0.967,1435,138791.0,0.1,1.04,0.01,3.85
2025-02-28,0.966,0.966,0.966,0.966,19,1828.0,0.0,-0.1,-0.001,0.05
2025-03-04,0.956,0.956,0.965,0.956,21,2009.0,0.93,-1.04,-0.01,0.06
2025-03-05,0.958,0.959,0.968,0.958,11,1048.0,1.05,0.31,0.003,0.03
2025-03-06,0.966,0.965,0.966,0.965,176,16993.0,0.1,0.63,0.006,0.47
2025-03-07,0.96,0.96,0.96,0.96,5,480.0,0.0,-0.52,-0.005,0.01
2025-03-10,0.958,0.958,0.958,0.958,1,96.0,0.0,-0.21,-0.002,0.0
2025-03-11,0.965,0.965,0.965,0.965,1,97.0,0.0,0.73,0.007,0.0
2025-03-12,0.965,0.959,0.965,0.959,14,1337.0,0.62,-0.62,-0.006,0.04
2025-03-14,0.969,0.96,0.969,0.959,186,18023.0,1.04,0.1,0.001,0.5
2025-03-17,0.966,0.971,0.971,0.966,1,96.0,0.52,1.15,0.011,0.0
2025-03-18,0.962,0.97,0.97,0.962,5,482.0,0.82,-0.1,-0.001,0.01
2025-03-19,0.97,0.961,0.97,0.961,10,971.0,0.93,-0.93,-0.009,0.03
2025-03-20,0.961,0.961,0.961,0.961,26,2499.0,0.0,0.0,0.0,0.07
2025-03-24,0.962,0.962,0.962,0.962,0,1.0,0.0,0.1,0.001,0.0
2025-03-25,0.959,0.961,0.961,0.959,76,7349.0,0.21,-0.1,-0.001,0.21
2025-03-26,0.95,0.959,0.968,0.95,64,6171.0,1.87,-0.21,-0.002,0.17
2025-03-27,0.932,0.968,0.968,0.932,10,970.0,3.75,0.94,0.009,0.03
2025-03-28,0.956,0.956,0.956,0.956,0,1.0,0.0,-1.24,-0.012,0.0
2025-03-31,0.97,0.96,0.97,0.96,4,389.0,1.05,0.42,0.004,0.01
2025-04-01,0.934,0.969,0.969,0.934,60,5779.0,3.65,0.94,0.009,0.16
2025-04-03,0.954,0.955,0.955,0.954,67,6399.0,0.1,-1.44,-0.014,0.18
2025-04-07,0.895,0.968,0.968,0.886,1,99.0,8.59,1.36,0.013,0.0
2025-04-08,0.966,0.965,0.966,0.965,4,387.0,0.1,-0.31,-0.003,0.01
2025-04-09,0.923,0.923,0.923,0.923,4,370.0,0.0,-4.35,-0.042,0.01
2025-04-10,0.991,0.941,0.991,0.93,31,2934.0,6.61,1.95,0.018,0.08
2025-04-11,0.925,0.96,0.96,0.925,2,189.0,3.72,2.02,0.019,0.01
2025-04-14,0.96,0.96,0.96,0.96,1,96.0,0.0,0.0,0.0,0.0
2025-04-17,0.936,0.936,0.936,0.936,0,1.0,0.0,-2.5,-0.024,0.0
2025-04-18,0.97,0.968,0.97,0.968,34,3292.0,0.21,3.42,0.032,0.09
2025-04-21,0.945,0.945,0.945,0.945,1,95.0,0.0,-2.38,-0.023,0.0
2025-04-22,0.978,0.978,0.978,0.978,20,1956.0,0.0,3.49,0.033,0.05
2025-04-23,0.938,0.967,0.967,0.938,32,3005.0,2.97,-1.12,-0.011,0.09
2025-04-28,0.968,0.968,0.968,0.968,10,968.0,0.0,0.1,0.001,0.03
2025-04-30,0.968,0.968,0.968,0.968,1,97.0,0.0,0.0,0.0,0.0
2025-05-06,0.931,0.968,0.968,0.931,1,98.0,3.82,0.0,0.0,0.0
2025-05-07,0.968,0.968,0.968,0.968,374,36164.0,0.0,0.0,0.0,1.0
2025-05-08,0.961,0.961,0.961,0.961,10,953.0,0.0,-0.72,-0.007,0.03
2025-05-12,0.971,0.971,0.971,0.971,100,9710.0,0.0,1.04,0.01,0.27
2025-05-13,0.971,0.966,0.971,0.966,101,9808.0,0.51,-0.51,-0.005,0.27
2025-05-15,0.958,0.958,0.958,0.958,1,96.0,0.0,-0.83,-0.008,0.0
2025-05-28,0.95,0.95,0.95,0.95,10,950.0,0.0,-0.84,-0.008,0.03
2025-06-04,0.971,0.971,0.971,0.971,10,971.0,0.0,2.21,0.021,0.03
2025-06-06,0.971,0.971,0.971,0.971,6,583.0,0.0,0.0,0.0,0.02
2025-06-09,0.944,0.957,0.97,0.944,6,574.0,2.68,-1.44,-0.014,0.02
2025-06-10,0.958,0.971,0.971,0.957,17,1628.0,1.46,1.46,0.014,0.05
2025-06-11,0.971,0.994,1.001,0.966,2123,206778.0,3.6,2.37,0.023,5.69
2025-06-12,0.97,0.984,0.984,0.97,21,2055.0,1.41,-1.01,-0.01,0.06
2025-06-13,0.965,0.984,0.984,0.965,11,1077.0,1.93,0.0,0.0,0.03
2025-06-16,0.956,0.992,1.029,0.956,1014,98070.0,7.42,0.81,0.008,2.72
2025-06-17,0.964,0.987,1.017,0.964,11,1090.0,5.34,-0.5,-0.005,0.03
2025-06-18,0.972,0.98,0.986,0.972,20,1952.0,1.42,-0.71,-0.007,0.05
2025-06-19,0.934,0.967,0.986,0.934,410,40361.0,5.31,-1.33,-0.013,1.1
2025-06-20,0.931,0.988,1.018,0.931,81,7853.0,9.0,2.17,0.021,0.22
2025-06-23,0.94,0.985,0.986,0.94,15,1442.0,4.66,-0.3,-0.003,0.04
2025-06-24,1.029,0.997,1.029,0.958,16,1577.0,7.21,1.22,0.012,0.04
2025-06-25,0.968,0.992,0.995,0.968,21,2068.0,2.71,-0.5,-0.005,0.06
2025-06-26,0.976,0.979,0.987,0.974,20,1948.0,1.31,-1.31,-0.013,0.05
2025-06-27,0.972,0.984,0.984,0.972,10,977.0,1.23,0.51,0.005,0.03
2025-06-30,0.971,0.984,0.984,0.971,12,1175.0,1.32,0.0,0.0,0.03
2025-07-01,0.974,0.982,0.983,0.974,32,3106.0,0.91,-0.2,-0.002,0.09
2025-07-02,0.984,0.989,0.99,0.975,39,3850.0,1.53,0.71,0.007,0.1
2025-07-03,0.974,0.99,0.991,0.974,112,11091.0,1.72,0.1,0.001,0.3
2025-07-04,0.967,0.988,0.989,0.967,15,1465.0,2.22,-0.2,-0.002,0.04
2025-07-07,0.969,0.996,0.996,0.969,144,14038.0,2.73,0.81,0.008,0.39
2025-07-08,0.987,0.989,0.995,0.978,135,13318.0,1.71,-0.7,-0.007,0.36
2025-07-09,0.98,0.987,0.988,0.98,105,10293.0,0.81,-0.2,-0.002,0.28
2025-07-10,0.982,0.983,0.988,0.982,71,6971.0,0.61,-0.41,-0.004,0.19
2025-07-11,0.985,0.984,0.989,0.984,72,7080.0,0.51,0.1,0.001,0.19
2025-07-14,0.987,0.988,0.988,0.987,23,2272.0,0.1,0.41,0.004,0.06
2025-07-15,0.984,0.989,0.989,0.984,99,9777.0,0.51,0.1,0.001,0.27
2025-07-16,0.978,0.992,0.992,0.978,25,2472.0,1.42,0.3,0.003,0.07
2025-07-17,0.98,0.985,0.985,0.98,310,30500.0,0.5,-0.71,-0.007,0.83
2025-07-18,0.986,0.986,0.986,0.986,10,978.0,0.0,0.1,0.001,0.03
2025-07-22,0.987,0.987,0.987,0.987,10,979.0,0.0,0.1,0.001,0.03
2025-07-23,0.983,0.986,0.986,0.983,43,4218.0,0.3,-0.1,-0.001,0.11
2025-07-25,0.988,0.99,0.99,0.988,92,9150.0,0.2,0.41,0.004,0.25
2025-07-28,0.994,0.994,0.994,0.994,5,497.0,0.0,0.4,0.004,0.01
2025-07-29,0.988,0.989,0.989,0.988,10,982.0,0.1,-0.5,-0.005,0.03
2025-07-30,0.992,0.989,0.992,0.989,34,3354.0,0.3,0.0,0.0,0.09
2025-07-31,0.988,0.986,0.988,0.986,1015,100272.0,0.2,-0.3,-0.003,2.72
2025-08-04,0.962,0.989,0.989,0.949,208,19913.0,4.06,0.3,0.003,0.56
2025-08-06,0.99,0.99,0.99,0.99,181,17879.0,0.0,0.1,0.001,0.48
2025-08-07,0.966,0.966,0.966,0.966,0,1.0,0.0,-2.42,-0.024,0.0
2025-08-08,0.994,0.997,1.0,0.994,351,34951.0,0.62,3.21,0.031,0.94
2025-08-11,0.998,0.995,0.998,0.993,421,41846.0,0.5,-0.2,-0.002,1.13
2025-08-12,0.994,0.994,0.994,0.994,5,497.0,0.0,-0.1,-0.001,0.01
2025-08-13,0.996,0.998,0.998,0.995,397,39563.0,0.3,0.4,0.004,1.06
2025-08-14,0.998,0.998,0.998,0.998,24,2387.0,0.0,0.0,0.0,0.06
2025-08-15,1.001,0.998,1.001,0.998,30,2984.0,0.3,0.0,0.0,0.08
2025-08-18,1.004,1.004,1.004,1.004,1,100.0,0.0,0.6,0.006,0.0
2025-08-19,1.007,1.007,1.007,1.007,2,201.0,0.0,0.3,0.003,0.01
2025-08-20,1.006,0.993,1.006,0.993,500,49658.0,1.29,-1.39,-0.014,1.34
2025-08-21,0.996,1.005,1.005,0.996,735,73841.0,0.91,1.21,0.012,1.97
2025-08-22,1.005,1.005,1.005,0.999,263,26418.0,0.6,0.0,0.0,0.7
2025-08-25,1.021,1.002,1.021,0.996,71,7174.0,2.49,-0.3,-0.003,0.19
2025-08-26,1.019,1.002,1.019,1.002,5649,567728.0,1.7,0.0,0.0,15.15
2025-08-27,1.02,1.004,1.02,1.004,661,66416.0,1.6,0.2,0.002,1.77
2025-08-28,1.012,1.005,1.012,1.0,235,23605.0,1.2,0.1,0.001,0.63
2025-08-29,1.01,1.006,1.01,0.996,12,1203.0,1.39,0.1,0.001,0.03
2025-09-01,1.008,1.005,1.008,1.005,3179,319490.0,0.3,-0.1,-0.001,8.52
2025-09-02,1.005,1.005,1.005,1.002,148,14864.0,0.3,0.0,0.0,0.4
2025-09-03,1.02,1.002,1.02,1.002,571,57217.0,1.79,-0.3,-0.003,1.53
2025-09-04,1.02,1.001,1.02,0.998,121,12092.0,2.2,-0.1,-0.001,0.32
2025-09-05,1.02,1.002,1.02,0.998,171,17132.0,2.2,0.1,0.001,0.46
2025-09-08,1.004,1.004,1.004,1.004,101,10140.0,0.0,0.2,0.002,0.27
2025-09-09,1.01,1.002,1.01,1.001,34,3407.0,0.9,-0.2,-0.002,0.09
2025-09-10,1.002,1.0,1.002,1.0,2182,218420.0,0.2,-0.2,-0.002,5.85
2025-09-11,1.002,1.003,1.003,1.002,9725,974590.0,0.1,0.3,0.003,26.08
2025-09-12,1.004,1.004,1.004,1.004,101,10140.0,0.0,0.1,0.001,0.27
2025-09-15,1.005,1.005,1.005,1.005,50,5025.0,0.0,0.1,0.001,0.13
2025-09-16,1.006,1.006,1.006,1.006,352,35411.0,0.0,0.1,0.001,0.94
2025-09-17,1.006,1.006,1.011,1.006,2381,239520.0,0.5,0.0,0.0,6.38
2025-09-23,1.006,1.006,1.006,1.006,0,1.0,0.0,0.0,0.0,0.0
2025-09-24,1.006,1.011,1.012,1.006,10502,1056502.0,0.6,0.5,0.005,28.16
2025-09-25,1.007,1.014,1.016,1.007,435,43835.0,0.89,0.3,0.003,1.17
2025-09-26,1.008,1.014,1.014,1.006,160,16147.0,0.79,0.0,0.0,0.43
2025-09-29,1.007,1.015,1.015,1.007,24,2420.0,0.79,0.1,0.001,0.06
2025-09-30,1.009,1.009,1.01,1.009,238,24002.0,0.1,-0.59,-0.006,0.64
2025-10-09,1.02,1.012,1.02,1.012,226,23088.0,0.79,0.3,0.003,0.61
2025-10-10,1.016,1.018,1.02,1.016,104,10587.0,0.4,0.59,0.006,0.28
2025-10-13,1.02,1.007,1.02,1.007,33,3345.0,1.28,-1.08,-0.011,0.09
2025-10-14,1.015,1.015,1.015,1.015,20,2014.0,0.0,0.79,0.008,0.05
2025-10-15,1.02,1.02,1.02,1.02,17,1734.0,0.0,0.49,0.005,0.05
2025-10-16,1.018,1.021,1.022,1.018,36,3648.0,0.39,0.1,0.001,0.1
2025-10-17,1.022,1.022,1.023,1.02,140,14308.0,0.29,0.1,0.001,0.38
2025-10-20,1.022,1.026,1.026,1.022,336,34408.0,0.39,0.39,0.004,0.9
2025-10-21,1.03,1.04,1.04,1.025,170,17502.0,1.46,1.36,0.014,0.46
2025-10-22,1.04,1.033,1.04,1.033,1928,199360.0,0.67,-0.67,-0.007,5.17
2025-10-23,1.025,1.035,1.036,1.025,57,5862.0,1.06,0.19,0.002,0.15
2025-10-24,1.04,1.04,1.04,1.035,1021,106216.0,0.48,0.48,0.005,2.74
2025-10-27,1.042,1.042,1.042,1.039,485,50478.0,0.29,0.19,0.002,1.3
2025-10-28,1.048,1.048,1.048,1.048,1,105.0,0.0,0.58,0.006,0.0
2025-10-29,1.039,1.045,1.049,1.039,112,11649.0,0.95,-0.29,-0.003,0.3
2025-10-30,1.04,1.049,1.049,1.04,20,2081.0,0.86,0.38,0.004,0.05
2025-11-05,1.038,1.048,1.048,1.038,103,10704.0,0.95,-0.1,-0.001,0.28
2025-11-06,1.043,1.045,1.045,1.043,739,77051.0,0.19,-0.29,-0.003,1.98
2025-11-07,1.046,1.05,1.05,1.046,20,2084.0,0.38,0.48,0.005,0.05
2025-11-10,1.05,1.061,1.061,1.05,477,50064.0,1.05,1.05,0.011,1.28
2025-11-11,1.061,1.052,1.061,1.052,63,6637.0,0.85,-0.85,-0.009,0.17
2025-11-13,1.05,1.052,1.052,1.05,40,4187.0,0.19,0.0,0.0,0.11
2025-11-14,1.053,1.053,1.053,1.053,50,5248.0,0.0,0.1,0.001,0.13
2025-11-18,1.05,1.048,1.05,1.048,450,47194.0,0.19,-0.47,-0.005,1.21
2025-11-19,1.04,1.04,1.04,1.04,73,7622.0,0.0,-0.76,-0.008,0.2
2025-11-20,1.04,1.04,1.04,1.04,11,1144.0,0.0,0.0,0.0,0.03
2025-11-21,1.036,1.035,1.036,1.035,340,35210.0,0.1,-0.48,-0.005,0.91
2025-11-24,1.042,1.042,1.042,1.042,4,417.0,0.0,0.68,0.007,0.01
2025-11-25,1.031,1.034,1.034,1.031,20,2048.0,0.29,-0.77,-0.008,0.05
2025-11-26,1.047,1.047,1.047,1.047,1,105.0,0.0,1.26,0.013,0.0
2025-11-27,1.033,1.033,1.033,1.033,10,1025.0,0.0,-1.34,-0.014,0.03
2025-12-02,1.034,1.034,1.034,1.034,10,1026.0,0.0,0.1,0.001,0.03
2025-12-03,1.036,1.036,1.036,1.036,39,4040.0,0.0,0.19,0.002,0.1
2025-12-05,1.038,1.038,1.038,1.038,996,103385.0,0.0,0.19,0.002,2.67
2025-12-08,1.047,1.047,1.047,1.047,2,209.0,0.0,0.87,0.009,0.01
2025-12-09,1.04,1.04,1.04,1.04,1,104.0,0.0,-0.67,-0.007,0.0
2025-12-12,1.037,1.042,1.042,1.037,15,1550.0,0.48,0.19,0.002,0.04
2025-12-16,1.034,1.034,1.034,1.034,10,1026.0,0.0,-0.77,-0.008,0.03
2025-12-17,1.04,1.034,1.057,1.034,716,75578.0,2.22,0.0,0.0,1.92
2025-12-18,1.043,1.037,1.044,1.037,2019,209831.0,0.68,0.29,0.003,5.41
2025-12-22,1.04,1.04,1.04,1.04,711,73944.0,0.0,0.29,0.003,1.91
2025-12-26,1.06,1.06,1.06,1.06,6,636.0,0.0,1.92,0.02,0.02
2025-12-29,1.059,1.049,1.059,1.049,215,22750.0,0.94,-1.04,-0.011,0.58
2025-12-30,1.03,1.03,1.03,1.03,204,21012.0,0.0,-1.81,-0.019,0.55
2025-12-31,1.042,1.053,1.053,1.042,545,57331.0,1.07,2.23,0.023,1.46
2026-01-05,1.068,1.068,1.068,1.068,1,107.0,0.0,1.42,0.015,0.0
2026-01-06,1.057,1.067,1.067,1.057,504,53281.0,0.94,-0.09,-0.001,1.35
2026-01-07,1.056,1.056,1.056,1.056,500,52800.0,0.0,-1.03,-0.011,1.34
2026-01-08,1.054,1.054,1.054,1.054,119,12494.0,0.0,-0.19,-0.002,0.32
2026-01-09,1.061,1.065,1.065,1.061,149,15844.0,0.38,1.04,0.011,0.4
2026-01-12,1.065,1.058,1.065,1.058,61,6457.0,0.66,-0.66,-0.007,0.16
2026-01-13,1.064,1.064,1.064,1.064,101,10746.0,0.0,0.57,0.006,0.27
2026-01-14,1.055,1.064,1.064,1.055,200,21051.0,0.85,0.0,0.0,0.53
2026-01-15,1.056,1.056,1.056,1.056,4,422.0,0.0,-0.75,-0.008,0.01
